Date,Adj_Close,Index_Returns,Training Regime,Recursive_Predictions,Recursive_Predicted_Regime_Label,T2_Recursive_Predictions,T2_Recursive_Predicted_Regime_Label,Full_Vol_Regime,State_Prob_Regime0,State_Prob_Regime1,Predicted_Regime,Predicted_Regime_Label,Blended_Test_Training_Regime
2015-01-05 00:00:00,2020.5799560546875,-0.018278105145113743,,0.0,Low Volatility,,,1.0,0.9144973052026438,0.08550269479735599,0.0,Low Volatility,0.0
2015-01-06 00:00:00,2002.6099853515625,-0.008893471722946522,,0.0,Low Volatility,0.0,Low Volatility,1.0,0.9070668101642839,0.09293318983571584,0.0,Low Volatility,0.0
2015-01-07 00:00:00,2025.9000244140625,0.01162984267174294,,0.0,Low Volatility,0.0,Low Volatility,1.0,0.9000022249465186,0.09999777505348115,0.0,Low Volatility,0.0
2015-01-08 00:00:00,2062.139892578125,0.017888280629516196,,0.0,Low Volatility,0.0,Low Volatility,1.0,0.8932855305619027,0.10671446943809704,0.0,Low Volatility,0.0
2015-01-15 00:00:00,1992.6700439453125,-0.009247875921837956,,0.0,Low Volatility,1.0,High Volatility,1.0,0.8643494823190319,0.1356505176809679,0.0,Low Volatility,0.0
2015-01-16 00:00:00,2019.4200439453125,0.013424199395820402,,0.0,Low Volatility,0.0,Low Volatility,1.0,0.8593884836977775,0.14061151630222218,0.0,Low Volatility,0.0
2015-01-21 00:00:00,2032.1199951171875,0.004731623968765364,,0.0,Low Volatility,1.0,High Volatility,1.0,0.8501873593105624,0.1498126406894372,0.0,Low Volatility,0.0
2015-01-22 00:00:00,2063.14990234375,0.015269721916580492,,0.0,Low Volatility,0.0,Low Volatility,1.0,0.8459237650832974,0.1540762349167023,0.0,Low Volatility,0.0
2015-01-26 00:00:00,2057.090087890625,0.002568460857030219,,0.0,Low Volatility,0.0,Low Volatility,1.0,0.8380161110368709,0.16198388896312887,0.0,Low Volatility,0.0
2015-01-27 00:00:00,2029.550048828125,-0.013387862410411011,,0.0,Low Volatility,0.0,Low Volatility,1.0,0.8343518818921806,0.16564811810781915,0.0,Low Volatility,0.0
2015-01-28 00:00:00,2002.1600341796875,-0.013495609366348305,,0.0,Low Volatility,0.0,Low Volatility,1.0,0.8308680952916315,0.16913190470836814,0.0,Low Volatility,0.0
2015-02-04 00:00:00,2041.510009765625,-0.0041560462088314765,,1.0,High Volatility,1.0,High Volatility,0.0,0.8158596683231152,0.18414033167688457,0.0,Low Volatility,0.0
2015-02-05 00:00:00,2062.52001953125,0.010291406686777416,,1.0,High Volatility,1.0,High Volatility,0.0,0.8132865185663459,0.1867134814336538,0.0,Low Volatility,0.0
2015-02-06 00:00:00,2055.469970703125,-0.0034181723141418763,,1.0,High Volatility,1.0,High Volatility,0.0,0.8108400818698778,0.18915991813012198,0.0,Low Volatility,0.0
2015-02-09 00:00:00,2046.739990234375,-0.004247194360987749,,1.0,High Volatility,1.0,High Volatility,0.0,0.8085141183327454,0.1914858816672543,0.0,Low Volatility,0.0
2015-06-30 00:00:00,2063.110107421875,0.0026584898861461426,,1.0,High Volatility,0.0,Low Volatility,0.0,0.7639254379947931,0.23607456200520655,0.0,Low Volatility,0.0
2015-08-19 00:00:00,2079.610107421875,-0.008254876246131082,,0.0,Low Volatility,0.0,Low Volatility,1.0,0.7636613525182011,0.2363386474817985,0.0,Low Volatility,0.0
2015-08-20 00:00:00,2035.72998046875,-0.021100170073477753,,0.0,Low Volatility,0.0,Low Volatility,1.0,0.7636586743481716,0.23634132565182805,0.0,Low Volatility,0.0
2015-09-18 00:00:00,1958.030029296875,-0.016164165744279924,,0.0,Low Volatility,1.0,High Volatility,1.0,0.7636258005985087,0.23637419940149057,0.0,Low Volatility,0.0
2015-09-25 00:00:00,1931.3399658203125,-0.00046579328582951884,,0.0,Low Volatility,1.0,High Volatility,1.0,0.7636215981715665,0.23637840182843248,0.0,Low Volatility,0.0
2015-09-28 00:00:00,1881.77001953125,-0.02566609046896018,,0.0,Low Volatility,0.0,Low Volatility,1.0,0.7636208776780806,0.23637912232191832,0.0,Low Volatility,0.0
2015-10-06 00:00:00,1979.9200439453125,-0.0035882361830883447,,1.0,High Volatility,1.0,High Volatility,0.0,0.7636172415737625,0.2363827584262363,0.0,Low Volatility,0.0
2015-10-07 00:00:00,1995.8299560546875,0.008035633639867479,,1.0,High Volatility,1.0,High Volatility,0.0,0.7636167356180581,0.23638326438194063,0.0,Low Volatility,0.0
2015-10-08 00:00:00,2013.4300537109375,0.008818435459823082,,1.0,High Volatility,1.0,High Volatility,0.0,0.7636162545778082,0.23638374542219048,0.0,Low Volatility,0.0
2015-10-09 00:00:00,2014.8900146484375,0.000725111326717931,,1.0,High Volatility,1.0,High Volatility,0.0,0.7636157972260678,0.23638420277393096,0.0,Low Volatility,0.0
2015-11-19 00:00:00,2081.239990234375,-0.00112310916925773,,1.0,High Volatility,0.0,Low Volatility,0.0,0.7636090087380961,0.23639099126190216,0.0,Low Volatility,0.0
2015-12-01 00:00:00,2102.6298828125,0.01068057336863748,,0.0,Low Volatility,0.0,Low Volatility,1.0,0.7636084008336254,0.23639159916637326,0.0,Low Volatility,0.0
2015-12-02 00:00:00,2079.510009765625,-0.010995693172566212,,0.0,Low Volatility,0.0,Low Volatility,1.0,0.7636083302343301,0.23639166976566856,0.0,Low Volatility,0.0
2015-12-03 00:00:00,2049.6201171875,-0.014373526666262015,,0.0,Low Volatility,0.0,Low Volatility,1.0,0.7636082631116504,0.2363917368883482,0.0,Low Volatility,0.0
2015-12-04 00:00:00,2091.68994140625,0.0205256690573854,,0.0,Low Volatility,0.0,Low Volatility,1.0,0.7636081992943828,0.2363918007056158,0.0,Low Volatility,0.0
2015-12-11 00:00:00,2012.3699951171875,-0.019422767297482935,,0.0,Low Volatility,1.0,High Volatility,1.0,0.7636079243645695,0.23639207563542927,0.0,Low Volatility,0.0
2015-12-29 00:00:00,2078.360107421875,0.010629762908764828,,0.0,Low Volatility,1.0,High Volatility,1.0,0.7636075164097016,0.236392483590297,0.0,Low Volatility,0.0
2015-12-30 00:00:00,2063.360107421875,-0.007217228595965963,,0.0,Low Volatility,0.0,Low Volatility,1.0,0.7636074893632783,0.2363925106367203,0.0,Low Volatility,0.0
2015-12-31 00:00:00,2043.93994140625,-0.00941191309542666,,0.0,Low Volatility,0.0,Low Volatility,1.0,0.7636074636487382,0.23639253635126034,0.0,Low Volatility,0.0
2016-01-04 00:00:00,2012.6600341796875,-0.015303731089594375,,0.0,Low Volatility,0.0,Low Volatility,1.0,0.7636074392004937,0.23639256079950485,0.0,Low Volatility,0.0
2016-03-02 00:00:00,1986.449951171875,0.004094308735004493,,1.0,High Volatility,1.0,High Volatility,0.0,0.7636070298011998,0.236392970198799,0.0,Low Volatility,0.0
2016-03-03 00:00:00,1993.4000244140625,0.0034987406745825567,,1.0,High Volatility,1.0,High Volatility,0.0,0.7636070267174908,0.23639297328250802,0.0,Low Volatility,0.0
2016-03-04 00:00:00,1999.989990234375,0.0033058923144386743,,1.0,High Volatility,1.0,High Volatility,0.0,0.763607023785637,0.2363929762143618,0.0,Low Volatility,0.0
2016-03-07 00:00:00,2001.760009765625,0.0008850141950174084,,1.0,High Volatility,1.0,High Volatility,0.0,0.7636070209981604,0.2363929790018384,0.0,Low Volatility,0.0
2016-06-23 00:00:00,2113.320068359375,0.01336407865930278,,0.0,Low Volatility,0.0,Low Volatility,1.0,0.7636069683398301,0.23639303166016798,0.0,Low Volatility,0.0
2016-06-24 00:00:00,2037.4100341796875,-0.035919799994431734,,0.0,Low Volatility,0.0,Low Volatility,1.0,0.7636069682827455,0.23639303171725246,0.0,Low Volatility,0.0
2016-07-01 00:00:00,2102.949951171875,0.00194860235588723,,1.0,High Volatility,1.0,High Volatility,0.0,0.7636069680368212,0.23639303196317693,0.0,Low Volatility,0.0
2016-07-05 00:00:00,2088.550048828125,-0.006847477437932237,,1.0,High Volatility,1.0,High Volatility,0.0,0.7636069679946582,0.23639303200533993,0.0,Low Volatility,0.0
2016-07-06 00:00:00,2099.72998046875,0.005352963242081676,,1.0,High Volatility,1.0,High Volatility,0.0,0.7636069679545715,0.23639303204542667,0.0,Low Volatility,0.0
2016-07-07 00:00:00,2097.89990234375,-0.0008715778419239317,,1.0,High Volatility,1.0,High Volatility,0.0,0.7636069679164589,0.23639303208353935,0.0,Low Volatility,0.0
2016-07-11 00:00:00,2137.159912109375,0.003408615474199461,,1.0,High Volatility,0.0,Low Volatility,0.0,0.7636069678457716,0.2363930321542266,0.0,Low Volatility,0.0
2016-09-09 00:00:00,2127.81005859375,-0.02452206896667508,,0.0,Low Volatility,0.0,Low Volatility,1.0,0.7636069672564583,0.2363930327435396,0.0,Low Volatility,0.0
2016-09-14 00:00:00,2125.77001953125,-0.0005876766502063147,,1.0,High Volatility,1.0,High Volatility,0.0,0.7636069672457972,0.2363930327542006,0.0,Low Volatility,0.0
2016-09-15 00:00:00,2147.260009765625,0.010109273363029914,,1.0,High Volatility,1.0,High Volatility,0.0,0.7636069672425877,0.23639303275741014,0.0,Low Volatility,0.0
2016-09-16 00:00:00,2139.159912109375,-0.0037722947474507773,,1.0,High Volatility,1.0,High Volatility,0.0,0.7636069672395361,0.23639303276046164,0.0,Low Volatility,0.0
2016-09-19 00:00:00,2139.1201171875,-1.8603060785604697e-05,,1.0,High Volatility,1.0,High Volatility,0.0,0.7636069672366348,0.23639303276336288,0.0,Low Volatility,0.0
2016-11-08 00:00:00,2139.56005859375,0.0037719744542996647,,1.0,High Volatility,0.0,Low Volatility,0.0,0.7636069671897151,0.23639303281028237,0.0,Low Volatility,0.0
2018-02-01 00:00:00,2821.97998046875,-0.0006480882520516484,,0.0,Low Volatility,0.0,Low Volatility,1.0,0.7636069671806214,0.23639303281937685,0.0,Low Volatility,0.0
2018-02-02 00:00:00,2762.1298828125,-0.02120854792396809,,0.0,Low Volatility,0.0,Low Volatility,1.0,0.7636069671806214,0.23639303281937685,0.0,Low Volatility,0.0
2018-02-22 00:00:00,2703.9599609375,0.0009735510790762625,,0.0,Low Volatility,1.0,High Volatility,1.0,0.7636069671806214,0.23639303281937685,0.0,Low Volatility,0.0
2018-02-23 00:00:00,2747.300048828125,0.01602837635051313,,0.0,Low Volatility,0.0,Low Volatility,1.0,0.7636069671806214,0.23639303281937685,0.0,Low Volatility,0.0
2018-03-06 00:00:00,2728.1201171875,0.002638858606169414,,1.0,High Volatility,1.0,High Volatility,0.0,0.7636069671806214,0.23639303281937685,0.0,Low Volatility,0.0
2018-03-07 00:00:00,2726.800048828125,-0.00048387472056610203,,1.0,High Volatility,1.0,High Volatility,0.0,0.7636069671806214,0.23639303281937685,0.0,Low Volatility,0.0
2018-03-12 00:00:00,2783.02001953125,-0.001273985129042532,,1.0,High Volatility,0.0,Low Volatility,0.0,0.7636069671806214,0.23639303281937685,0.0,Low Volatility,0.0
2018-03-19 00:00:00,2712.919921875,-0.014204195388793028,,0.0,Low Volatility,0.0,Low Volatility,1.0,0.7636069671806214,0.23639303281937685,0.0,Low Volatility,0.0
2018-03-20 00:00:00,2716.93994140625,0.0014818054520648882,,0.0,Low Volatility,0.0,Low Volatility,1.0,0.7636069671806214,0.23639303281937685,0.0,Low Volatility,0.0
2018-03-21 00:00:00,2711.929931640625,-0.0018439898833508828,,0.0,Low Volatility,0.0,Low Volatility,1.0,0.7636069671806214,0.23639303281937685,0.0,Low Volatility,0.0
2018-03-22 00:00:00,2643.68994140625,-0.025162888405856454,,0.0,Low Volatility,0.0,Low Volatility,1.0,0.7636069671806214,0.23639303281937685,0.0,Low Volatility,0.0
2018-04-11 00:00:00,2642.18994140625,-0.005525364482924067,,1.0,High Volatility,1.0,High Volatility,0.0,0.7636069671806214,0.23639303281937685,0.0,Low Volatility,0.0
2018-04-12 00:00:00,2663.989990234375,0.008250750063987677,,1.0,High Volatility,1.0,High Volatility,0.0,0.7636069671806214,0.23639303281937685,0.0,Low Volatility,0.0
2018-04-13 00:00:00,2656.300048828125,-0.0028866254882486952,,1.0,High Volatility,1.0,High Volatility,0.0,0.7636069671806214,0.23639303281937685,0.0,Low Volatility,0.0
2018-04-16 00:00:00,2677.840087890625,0.008109038386684864,,1.0,High Volatility,1.0,High Volatility,0.0,0.7636069671806214,0.23639303281937685,0.0,Low Volatility,0.0
2018-04-17 00:00:00,2706.389892578125,0.010661504701720004,,1.0,High Volatility,1.0,High Volatility,0.0,0.7636069671806214,0.23639303281937685,0.0,Low Volatility,0.0
2018-04-18 00:00:00,2708.639892578125,0.0008313658006817715,,1.0,High Volatility,1.0,High Volatility,0.0,0.7636069671806214,0.23639303281937685,0.0,Low Volatility,0.0
2018-10-10 00:00:00,2785.679931640625,-0.0328642290012785,,0.0,Low Volatility,0.0,Low Volatility,1.0,0.7636069671806214,0.23639303281937685,0.0,Low Volatility,0.0
2018-12-14 00:00:00,2599.949951171875,-0.019086709555430348,,0.0,Low Volatility,1.0,High Volatility,1.0,0.7636069671806214,0.23639303281937685,0.0,Low Volatility,0.0
2019-01-03 00:00:00,2447.889892578125,-0.02475673039503723,,0.0,Low Volatility,1.0,High Volatility,1.0,0.7636069671806214,0.23639303281937685,0.0,Low Volatility,0.0
2019-01-08 00:00:00,2574.409912109375,0.009695285023358924,,1.0,High Volatility,1.0,High Volatility,0.0,0.7636069671806214,0.23639303281937685,0.0,Low Volatility,0.0
2019-01-09 00:00:00,2584.9599609375,0.004098045450532162,,1.0,High Volatility,1.0,High Volatility,0.0,0.7636069671806214,0.23639303281937685,0.0,Low Volatility,0.0
2019-01-10 00:00:00,2596.639892578125,0.004518418782931244,,1.0,High Volatility,1.0,High Volatility,0.0,0.7636069671806214,0.23639303281937685,0.0,Low Volatility,0.0
2019-01-11 00:00:00,2596.260009765625,-0.00014629784190933748,,1.0,High Volatility,1.0,High Volatility,0.0,0.7636069671806214,0.23639303281937685,0.0,Low Volatility,0.0
2019-03-25 00:00:00,2798.360107421875,-0.000839020658475631,,1.0,High Volatility,0.0,Low Volatility,0.0,0.7636069671806214,0.23639303281937685,0.0,Low Volatility,0.0
2019-05-13 00:00:00,2811.8701171875,-0.02413055719884427,,0.0,Low Volatility,0.0,Low Volatility,1.0,0.7636069671806214,0.23639303281937685,0.0,Low Volatility,0.0
2019-05-14 00:00:00,2834.409912109375,0.008015944543135589,,1.0,High Volatility,0.0,Low Volatility,0.0,0.7636069671806214,0.23639303281937685,0.0,Low Volatility,0.0
2019-05-15 00:00:00,2850.9599609375,0.00583897507464215,,1.0,High Volatility,1.0,High Volatility,0.0,0.7636069671806214,0.23639303281937685,0.0,Low Volatility,0.0
2019-05-16 00:00:00,2876.320068359375,0.008895287120600504,,1.0,High Volatility,1.0,High Volatility,0.0,0.7636069671806214,0.23639303281937685,0.0,Low Volatility,0.0
2019-05-17 00:00:00,2859.530029296875,-0.005837333350761975,,1.0,High Volatility,1.0,High Volatility,0.0,0.7636069671806214,0.23639303281937685,0.0,Low Volatility,0.0
2019-05-20 00:00:00,2840.22998046875,-0.0067493779153879885,,1.0,High Volatility,1.0,High Volatility,0.0,0.7636069671806214,0.23639303281937685,0.0,Low Volatility,0.0
2019-06-05 00:00:00,2826.14990234375,0.008161854781411959,,1.0,High Volatility,0.0,Low Volatility,0.0,0.7636069671806214,0.23639303281937685,0.0,Low Volatility,0.0
2019-06-06 00:00:00,2843.489990234375,0.006135586748687638,,1.0,High Volatility,1.0,High Volatility,0.0,0.7636069671806214,0.23639303281937685,0.0,Low Volatility,0.0
2019-06-07 00:00:00,2873.340087890625,0.01049769746289475,,1.0,High Volatility,1.0,High Volatility,0.0,0.7636069671806214,0.23639303281937685,0.0,Low Volatility,0.0
2019-06-10 00:00:00,2886.72998046875,0.0046600444669098184,,1.0,High Volatility,1.0,High Volatility,0.0,0.7636069671806214,0.23639303281937685,0.0,Low Volatility,0.0
2019-08-01 00:00:00,2953.56005859375,-0.00899879386967306,,0.0,Low Volatility,0.0,Low Volatility,1.0,0.7636069671806214,0.23639303281937685,0.0,Low Volatility,0.0
2019-08-02 00:00:00,2932.050048828125,-0.007282739927037873,,0.0,Low Volatility,0.0,Low Volatility,1.0,0.7636069671806214,0.23639303281937685,0.0,Low Volatility,0.0
2019-08-05 00:00:00,2844.739990234375,-0.0297778200029859,,0.0,Low Volatility,0.0,Low Volatility,1.0,0.7636069671806214,0.23639303281937685,0.0,Low Volatility,0.0
2019-08-27 00:00:00,2869.159912109375,-0.003203180635808267,,1.0,High Volatility,1.0,High Volatility,0.0,0.7636069671806214,0.23639303281937685,0.0,Low Volatility,0.0
2019-08-28 00:00:00,2887.93994140625,0.006545480165679685,,1.0,High Volatility,1.0,High Volatility,0.0,0.7636069671806214,0.23639303281937685,0.0,Low Volatility,0.0
2019-08-29 00:00:00,2924.580078125,0.012687291793508804,,1.0,High Volatility,1.0,High Volatility,0.0,0.7636069671806214,0.23639303281937685,0.0,Low Volatility,0.0
2019-08-30 00:00:00,2926.4599609375,0.0006427872591217021,,1.0,High Volatility,1.0,High Volatility,0.0,0.7636069671806214,0.23639303281937685,0.0,Low Volatility,0.0
2019-09-03 00:00:00,2906.27001953125,-0.00689910050906084,,1.0,High Volatility,1.0,High Volatility,0.0,0.7636069671806214,0.23639303281937685,0.0,Low Volatility,0.0
2019-09-05 00:00:00,2976.0,0.013009813642266721,,1.0,High Volatility,0.0,Low Volatility,0.0,0.7636069671806214,0.23639303281937685,0.0,Low Volatility,0.0
2019-09-06 00:00:00,2978.7099609375,0.0009106051537297599,,1.0,High Volatility,1.0,High Volatility,0.0,0.7636069671806214,0.23639303281937685,0.0,Low Volatility,0.0
2019-10-03 00:00:00,2910.6298828125,0.00797191259701524,,1.0,High Volatility,0.0,Low Volatility,0.0,0.7636069671806214,0.23639303281937685,0.0,Low Volatility,0.0
2019-10-07 00:00:00,2938.7900390625,-0.004478294673592398,,1.0,High Volatility,0.0,Low Volatility,0.0,0.7636069671806214,0.23639303281937685,0.0,Low Volatility,0.0
2019-10-08 00:00:00,2893.06005859375,-0.015560819201407838,,1.0,High Volatility,1.0,High Volatility,0.0,0.7636069671806214,0.23639303281937685,0.0,Low Volatility,0.0
2019-10-09 00:00:00,2919.39990234375,0.0091044925499415,,1.0,High Volatility,1.0,High Volatility,0.0,0.7636069671806214,0.23639303281937685,0.0,Low Volatility,0.0
2019-10-10 00:00:00,2938.1298828125,0.006415695380997066,,1.0,High Volatility,1.0,High Volatility,0.0,0.7636069671806214,0.23639303281937685,0.0,Low Volatility,0.0
2019-10-11 00:00:00,2970.27001953125,0.010938977513132997,,1.0,High Volatility,1.0,High Volatility,0.0,0.7636069671806214,0.23639303281937685,0.0,Low Volatility,0.0
2019-10-14 00:00:00,2966.14990234375,-0.0013871187334510982,,1.0,High Volatility,1.0,High Volatility,0.0,0.7636069671806214,0.23639303281937685,0.0,Low Volatility,0.0
2020-02-03 00:00:00,3248.919921875,0.007254613892351713,,1.0,High Volatility,0.0,Low Volatility,0.0,0.7636069671806214,0.23639303281937685,0.0,Low Volatility,0.0
2020-02-05 00:00:00,3334.68994140625,0.01125059589785371,,1.0,High Volatility,0.0,Low Volatility,0.0,0.7636069671806214,0.23639303281937685,0.0,Low Volatility,0.0
2020-02-06 00:00:00,3345.780029296875,0.003325672876785646,,1.0,High Volatility,1.0,High Volatility,0.0,0.7636069671806214,0.23639303281937685,0.0,Low Volatility,0.0
2020-02-21 00:00:00,3337.75,-0.01051810302712286,,0.0,Low Volatility,0.0,Low Volatility,1.0,0.7636069671806214,0.23639303281937685,0.0,Low Volatility,0.0
2020-02-24 00:00:00,3225.889892578125,-0.03351362667122315,,0.0,Low Volatility,0.0,Low Volatility,1.0,0.7636069671806214,0.23639303281937685,0.0,Low Volatility,0.0
2020-06-02 00:00:00,3080.820068359375,0.008210832780053412,,0.0,Low Volatility,1.0,High Volatility,1.0,0.7636069671806214,0.23639303281937685,0.0,Low Volatility,0.0
2020-06-03 00:00:00,3122.8701171875,0.013648979133831007,,0.0,Low Volatility,0.0,Low Volatility,1.0,0.7636069671806214,0.23639303281937685,0.0,Low Volatility,0.0
2020-06-04 00:00:00,3112.35009765625,-0.0033687022311144066,,0.0,Low Volatility,0.0,Low Volatility,1.0,0.7636069671806214,0.23639303281937685,0.0,Low Volatility,0.0
2020-06-05 00:00:00,3193.929931640625,0.026211650818398713,,0.0,Low Volatility,0.0,Low Volatility,1.0,0.7636069671806214,0.23639303281937685,0.0,Low Volatility,0.0
2020-06-23 00:00:00,3131.2900390625,0.004307419569164139,,0.0,Low Volatility,1.0,High Volatility,1.0,0.7636069671806214,0.23639303281937685,0.0,Low Volatility,0.0
2020-06-24 00:00:00,3050.330078125,-0.025855145939064572,,0.0,Low Volatility,0.0,Low Volatility,1.0,0.7636069671806214,0.23639303281937685,0.0,Low Volatility,0.0
2020-07-09 00:00:00,3152.050048828125,-0.005643606159361103,,1.0,High Volatility,1.0,High Volatility,0.0,0.7636069671806214,0.23639303281937685,0.0,Low Volatility,0.0
2020-07-10 00:00:00,3185.0400390625,0.01046620127324438,,1.0,High Volatility,1.0,High Volatility,0.0,0.7636069671806214,0.23639303281937685,0.0,Low Volatility,0.0
2020-07-13 00:00:00,3155.219970703125,-0.009362541127788226,,1.0,High Volatility,1.0,High Volatility,0.0,0.7636069671806214,0.23639303281937685,0.0,Low Volatility,0.0
2020-07-14 00:00:00,3197.52001953125,0.013406370782667931,,1.0,High Volatility,1.0,High Volatility,0.0,0.7636069671806214,0.23639303281937685,0.0,Low Volatility,0.0
2020-07-15 00:00:00,3226.56005859375,0.009082050740923053,,1.0,High Volatility,1.0,High Volatility,0.0,0.7636069671806214,0.23639303281937685,0.0,Low Volatility,0.0
2020-07-16 00:00:00,3215.570068359375,-0.0034061012455366413,,1.0,High Volatility,1.0,High Volatility,0.0,0.7636069671806214,0.23639303281937685,0.0,Low Volatility,0.0
2020-09-02 00:00:00,3580.840087890625,0.015365910154807594,,0.0,Low Volatility,0.0,Low Volatility,1.0,0.7636069671806214,0.23639303281937685,0.0,Low Volatility,0.0
2020-09-03 00:00:00,3455.06005859375,-0.03512584371534122,,0.0,Low Volatility,0.0,Low Volatility,1.0,0.7636069671806214,0.23639303281937685,0.0,Low Volatility,0.0
2020-10-19 00:00:00,3426.919921875,-0.016329861778318078,,0.0,Low Volatility,1.0,High Volatility,1.0,0.7636069671806214,0.23639303281937685,0.0,Low Volatility,0.0
2020-10-22 00:00:00,3453.489990234375,0.005218925396392127,,0.0,Low Volatility,1.0,High Volatility,1.0,0.7636069671806214,0.23639303281937685,0.0,Low Volatility,0.0
2020-10-23 00:00:00,3465.389892578125,0.003445761353703114,,0.0,Low Volatility,0.0,Low Volatility,1.0,0.7636069671806214,0.23639303281937685,0.0,Low Volatility,0.0
2020-10-26 00:00:00,3400.969970703125,-0.018589516294535646,,0.0,Low Volatility,0.0,Low Volatility,1.0,0.7636069671806214,0.23639303281937685,0.0,Low Volatility,0.0
2020-10-28 00:00:00,3271.030029296875,-0.035287878760604796,,0.0,Low Volatility,1.0,High Volatility,1.0,0.7636069671806214,0.23639303281937685,0.0,Low Volatility,0.0
2020-11-12 00:00:00,3537.010009765625,-0.009978532303877019,,1.0,High Volatility,1.0,High Volatility,0.0,0.7636069671806214,0.23639303281937685,0.0,Low Volatility,0.0
2020-11-13 00:00:00,3585.14990234375,0.013610335409063534,,1.0,High Volatility,1.0,High Volatility,0.0,0.7636069671806214,0.23639303281937685,0.0,Low Volatility,0.0
2020-11-16 00:00:00,3626.909912109375,0.011648051240012336,,1.0,High Volatility,1.0,High Volatility,0.0,0.7636069671806214,0.23639303281937685,0.0,Low Volatility,0.0
2020-11-17 00:00:00,3609.530029296875,-0.004791925698091615,,1.0,High Volatility,1.0,High Volatility,0.0,0.7636069671806214,0.23639303281937685,0.0,Low Volatility,0.0
2020-11-18 00:00:00,3567.7900390625,-0.011563829610944043,,1.0,High Volatility,1.0,High Volatility,0.0,0.7636069671806214,0.23639303281937685,0.0,Low Volatility,0.0
2020-11-19 00:00:00,3581.8701171875,0.003946442467421596,,1.0,High Volatility,1.0,High Volatility,0.0,0.7636069671806214,0.23639303281937685,0.0,Low Volatility,0.0
2020-11-25 00:00:00,3629.64990234375,-0.001584418237524976,,1.0,High Volatility,0.0,Low Volatility,0.0,0.7636069671806214,0.23639303281937685,0.0,Low Volatility,0.0
2021-01-27 00:00:00,3750.77001953125,-0.025677883699462,,0.0,Low Volatility,0.0,Low Volatility,1.0,0.7636069671806214,0.23639303281937685,0.0,Low Volatility,0.0
2021-02-03 00:00:00,3830.169921875,0.0010087690809532646,,1.0,High Volatility,1.0,High Volatility,0.0,0.7636069671806214,0.23639303281937685,0.0,Low Volatility,0.0
2021-02-04 00:00:00,3871.739990234375,0.010853322230420792,,1.0,High Volatility,1.0,High Volatility,0.0,0.7636069671806214,0.23639303281937685,0.0,Low Volatility,0.0
2021-02-05 00:00:00,3886.830078125,0.003897495164625342,,1.0,High Volatility,1.0,High Volatility,0.0,0.7636069671806214,0.23639303281937685,0.0,Low Volatility,0.0
2021-02-08 00:00:00,3915.590087890625,0.007399348360373592,,1.0,High Volatility,1.0,High Volatility,0.0,0.7636069671806214,0.23639303281937685,0.0,Low Volatility,0.0
2021-02-24 00:00:00,3925.429931640625,0.01135161376597904,,0.0,Low Volatility,0.0,Low Volatility,1.0,0.7636069671806214,0.23639303281937685,0.0,Low Volatility,0.0
2021-02-25 00:00:00,3829.340087890625,-0.02447880752512621,,0.0,Low Volatility,0.0,Low Volatility,1.0,0.7636069671806214,0.23639303281937685,0.0,Low Volatility,0.0
2021-03-10 00:00:00,3898.81005859375,0.006030313342701321,,1.0,High Volatility,1.0,High Volatility,0.0,0.7636069671806214,0.23639303281937685,0.0,Low Volatility,0.0
2021-03-11 00:00:00,3939.340087890625,0.010395487004435822,,1.0,High Volatility,1.0,High Volatility,0.0,0.7636069671806214,0.23639303281937685,0.0,Low Volatility,0.0
2021-03-12 00:00:00,3943.340087890625,0.0010153984958789497,,1.0,High Volatility,1.0,High Volatility,0.0,0.7636069671806214,0.23639303281937685,0.0,Low Volatility,0.0
2021-03-15 00:00:00,3968.93994140625,0.006491921301497117,,1.0,High Volatility,1.0,High Volatility,0.0,0.7636069671806214,0.23639303281937685,0.0,Low Volatility,0.0
2021-05-11 00:00:00,4152.10009765625,-0.00867391280271812,,0.0,Low Volatility,0.0,Low Volatility,1.0,0.7636069671806214,0.23639303281937685,0.0,Low Volatility,0.0
2021-05-12 00:00:00,4063.0400390625,-0.021449400664502738,,0.0,Low Volatility,0.0,Low Volatility,1.0,0.7636069671806214,0.23639303281937685,0.0,Low Volatility,0.0
2021-05-17 00:00:00,4163.2900390625,-0.0025300521932207776,,1.0,High Volatility,1.0,High Volatility,0.0,0.7636069671806214,0.23639303281937685,0.0,Low Volatility,0.0
2021-05-18 00:00:00,4127.830078125,-0.008517292959364653,,1.0,High Volatility,1.0,High Volatility,0.0,0.7636069671806214,0.23639303281937685,0.0,Low Volatility,0.0
2021-05-19 00:00:00,4115.68017578125,-0.002943411456817757,,1.0,High Volatility,1.0,High Volatility,0.0,0.7636069671806214,0.23639303281937685,0.0,Low Volatility,0.0
2021-05-20 00:00:00,4159.1201171875,0.010554741756143349,,1.0,High Volatility,1.0,High Volatility,0.0,0.7636069671806214,0.23639303281937685,0.0,Low Volatility,0.0
2021-05-21 00:00:00,4155.85986328125,-0.0007838806801412357,,1.0,High Volatility,0.0,Low Volatility,0.0,0.7636069671806214,0.23639303281937685,0.0,Low Volatility,0.0
2021-09-28 00:00:00,4352.6298828125,-0.020364110556098214,,0.0,Low Volatility,0.0,Low Volatility,1.0,0.7636069671806214,0.23639303281937685,0.0,Low Volatility,0.0
2021-09-29 00:00:00,4359.4599609375,0.0015691842194003325,,1.0,High Volatility,0.0,Low Volatility,0.0,0.7636069671806214,0.23639303281937685,0.0,Low Volatility,0.0
2021-10-01 00:00:00,4357.0400390625,0.01149147763018199,,1.0,High Volatility,0.0,Low Volatility,0.0,0.7636069671806214,0.23639303281937685,0.0,Low Volatility,0.0
2021-10-04 00:00:00,4300.4599609375,-0.012985898136748442,,1.0,High Volatility,1.0,High Volatility,0.0,0.7636069671806214,0.23639303281937685,0.0,Low Volatility,0.0
2021-10-05 00:00:00,4345.72021484375,0.010524514660609219,,1.0,High Volatility,1.0,High Volatility,0.0,0.7636069671806214,0.23639303281937685,0.0,Low Volatility,0.0
2021-10-06 00:00:00,4363.5498046875,0.004102792854185466,,1.0,High Volatility,1.0,High Volatility,0.0,0.7636069671806214,0.23639303281937685,0.0,Low Volatility,0.0
2021-10-07 00:00:00,4399.759765625,0.008298280656405366,,1.0,High Volatility,1.0,High Volatility,0.0,0.7636069671806214,0.23639303281937685,0.0,Low Volatility,0.0
2021-11-26 00:00:00,4594.6201171875,-0.022724822637582465,,0.0,Low Volatility,0.0,Low Volatility,1.0,0.7636069671806214,0.23639303281937685,0.0,Low Volatility,0.0
2021-12-28 00:00:00,4786.35009765625,-0.0010101548486260992,,1.0,High Volatility,1.0,High Volatility,0.0,0.7636069671806214,0.23639303281937685,0.0,Low Volatility,0.0
2021-12-29 00:00:00,4793.06005859375,0.0014018951394270118,,1.0,High Volatility,1.0,High Volatility,0.0,0.7636069671806214,0.23639303281937685,0.0,Low Volatility,0.0
2022-01-06 00:00:00,4696.0498046875,-0.0009637690162076495,,1.0,High Volatility,0.0,Low Volatility,0.0,0.7636069671806214,0.23639303281937685,0.0,Low Volatility,0.0
2022-01-11 00:00:00,4713.06982421875,0.009159984668711818,,0.0,Low Volatility,0.0,Low Volatility,1.0,0.7636069671806214,0.23639303281937685,0.0,Low Volatility,0.0
2022-01-12 00:00:00,4726.35009765625,0.002817754443029452,,0.0,Low Volatility,0.0,Low Volatility,1.0,0.7636069671806214,0.23639303281937685,0.0,Low Volatility,0.0
2022-01-13 00:00:00,4659.02978515625,-0.0142436152864307,,0.0,Low Volatility,0.0,Low Volatility,1.0,0.7636069671806214,0.23639303281937685,0.0,Low Volatility,0.0
2022-01-14 00:00:00,4662.85009765625,0.0008199802697488323,,0.0,Low Volatility,0.0,Low Volatility,1.0,0.7636069671806214,0.23639303281937685,0.0,Low Volatility,0.0
2022-01-18 00:00:00,4577.10986328125,-0.018387945694007368,,0.0,Low Volatility,0.0,Low Volatility,1.0,0.7636069671806214,0.23639303281937685,0.0,Low Volatility,0.0
2022-04-11 00:00:00,4412.52978515625,-0.01687729010355421,,0.0,Low Volatility,1.0,High Volatility,1.0,0.7636069671806214,0.23639303281937685,0.0,Low Volatility,0.0
2022-07-07 00:00:00,3902.6201171875,0.014964587965241805,,0.0,Low Volatility,1.0,High Volatility,1.0,0.7636069671806214,0.23639303281937685,0.0,Low Volatility,0.0
2022-07-11 00:00:00,3854.429931640625,-0.011527461422777274,,0.0,Low Volatility,1.0,High Volatility,1.0,0.7636069671806214,0.23639303281937685,0.0,Low Volatility,0.0
2022-07-14 00:00:00,3790.3798828125,-0.00299863390215227,,0.0,Low Volatility,1.0,High Volatility,1.0,0.7636069671806214,0.23639303281937685,0.0,Low Volatility,0.0
2022-07-15 00:00:00,3863.159912109375,0.01920124935943668,,0.0,Low Volatility,0.0,Low Volatility,1.0,0.7636069671806214,0.23639303281937685,0.0,Low Volatility,0.0
2022-08-08 00:00:00,4140.06005859375,-0.0012375507238541195,,0.0,Low Volatility,1.0,High Volatility,1.0,0.7636069671806214,0.23639303281937685,0.0,Low Volatility,0.0
2022-08-09 00:00:00,4122.47021484375,-0.004248692893594086,,0.0,Low Volatility,0.0,Low Volatility,1.0,0.7636069671806214,0.23639303281937685,0.0,Low Volatility,0.0
2022-08-10 00:00:00,4210.240234375,0.021290637641290244,,0.0,Low Volatility,0.0,Low Volatility,1.0,0.7636069671806214,0.23639303281937685,0.0,Low Volatility,0.0
2022-08-18 00:00:00,4283.740234375,0.002269561170191503,,0.0,Low Volatility,0.0,Low Volatility,1.0,0.7636069671806214,0.23639303281937685,0.0,Low Volatility,0.0
2022-08-19 00:00:00,4228.47998046875,-0.012900001139847905,,0.0,Low Volatility,0.0,Low Volatility,1.0,0.7636069671806214,0.23639303281937685,0.0,Low Volatility,0.0
2022-08-22 00:00:00,4137.990234375,-0.0214000649197158,,0.0,Low Volatility,0.0,Low Volatility,1.0,0.7636069671806214,0.23639303281937685,0.0,Low Volatility,0.0
2022-11-21 00:00:00,3949.93994140625,-0.003883688698329779,,0.0,Low Volatility,1.0,High Volatility,1.0,0.7636069671806214,0.23639303281937685,0.0,Low Volatility,0.0
2022-11-22 00:00:00,4003.580078125,0.013579987927526016,,0.0,Low Volatility,0.0,Low Volatility,1.0,0.7636069671806214,0.23639303281937685,0.0,Low Volatility,0.0
2022-11-23 00:00:00,4027.260009765625,0.0059146891478476515,,0.0,Low Volatility,0.0,Low Volatility,1.0,0.7636069671806214,0.23639303281937685,0.0,Low Volatility,0.0
2022-11-25 00:00:00,4026.1201171875,-0.0002830441976333642,,0.0,Low Volatility,0.0,Low Volatility,1.0,0.7636069671806214,0.23639303281937685,0.0,Low Volatility,0.0
2022-11-28 00:00:00,3963.93994140625,-0.015444192913123267,,0.0,Low Volatility,0.0,Low Volatility,1.0,0.7636069671806214,0.23639303281937685,0.0,Low Volatility,0.0
2022-11-29 00:00:00,3957.6298828125,-0.0015918653377758885,,0.0,Low Volatility,0.0,Low Volatility,1.0,0.7636069671806214,0.23639303281937685,0.0,Low Volatility,0.0
2022-11-30 00:00:00,4080.110107421875,0.030947872397389053,,0.0,Low Volatility,0.0,Low Volatility,1.0,0.7636069671806214,0.23639303281937685,0.0,Low Volatility,0.0
2023-01-17 00:00:00,3990.969970703125,-0.0020304911890052235,,0.0,Low Volatility,1.0,High Volatility,1.0,0.7636069671806214,0.23639303281937685,0.0,Low Volatility,0.0
2023-01-18 00:00:00,3928.860107421875,-0.015562598500411085,,0.0,Low Volatility,0.0,Low Volatility,1.0,0.7636069671806214,0.23639303281937685,0.0,Low Volatility,0.0
2023-01-30 00:00:00,4017.77001953125,-0.012968740984683369,,0.0,Low Volatility,1.0,High Volatility,1.0,0.7636069671806214,0.23639303281937685,0.0,Low Volatility,0.0
2023-02-15 00:00:00,4147.60009765625,0.002773175690496066,,0.0,Low Volatility,1.0,High Volatility,1.0,0.7636069671806214,0.23639303281937685,0.0,Low Volatility,0.0
2023-02-16 00:00:00,4090.409912109375,-0.013788741489130674,,0.0,Low Volatility,0.0,Low Volatility,1.0,0.7636069671806214,0.23639303281937685,0.0,Low Volatility,0.0
2023-02-21 00:00:00,3997.340087890625,-0.020041234255327334,,0.0,Low Volatility,1.0,High Volatility,1.0,0.7636069671806214,0.23639303281937685,0.0,Low Volatility,0.0
2023-02-28 00:00:00,3970.14990234375,-0.0030360018281855305,,0.0,Low Volatility,1.0,High Volatility,1.0,0.7636069671806214,0.23639303281937685,0.0,Low Volatility,0.0
2023-03-01 00:00:00,3951.389892578125,-0.004725264845680033,,0.0,Low Volatility,0.0,Low Volatility,1.0,0.7636069671806214,0.23639303281937685,0.0,Low Volatility,0.0
2023-03-02 00:00:00,3981.35009765625,0.0075821940867943916,,0.0,Low Volatility,0.0,Low Volatility,1.0,0.7636069671806214,0.23639303281937685,0.0,Low Volatility,0.0
2023-03-03 00:00:00,4045.639892578125,0.0161477371607488,,0.0,Low Volatility,0.0,Low Volatility,1.0,0.7636069671806214,0.23639303281937685,0.0,Low Volatility,0.0
2023-03-06 00:00:00,4048.419921875,0.0006871667698291617,,0.0,Low Volatility,0.0,Low Volatility,1.0,0.7636069671806214,0.23639303281937685,0.0,Low Volatility,0.0
2023-03-07 00:00:00,3986.3701171875,-0.015326919115337678,,0.0,Low Volatility,0.0,Low Volatility,1.0,0.7636069671806214,0.23639303281937685,0.0,Low Volatility,0.0
2023-03-09 00:00:00,3918.320068359375,-0.01845935787384867,,0.0,Low Volatility,1.0,High Volatility,1.0,0.7636069671806214,0.23639303281937685,0.0,Low Volatility,0.0
2023-03-23 00:00:00,3948.719970703125,0.0029845287333754023,,1.0,High Volatility,1.0,High Volatility,0.0,0.7636069671806214,0.23639303281937685,0.0,Low Volatility,0.0
2023-03-24 00:00:00,3970.989990234375,0.005639807253104534,,1.0,High Volatility,1.0,High Volatility,0.0,0.7636069671806214,0.23639303281937685,0.0,Low Volatility,0.0
2023-03-27 00:00:00,3977.530029296875,0.0016469543057482383,,1.0,High Volatility,1.0,High Volatility,0.0,0.7636069671806214,0.23639303281937685,0.0,Low Volatility,0.0
2023-04-03 00:00:00,4124.509765625,0.0036988464765423945,,1.0,High Volatility,0.0,Low Volatility,0.0,0.7636069671806214,0.23639303281937685,0.0,Low Volatility,0.0
2023-04-28 00:00:00,4169.47998046875,0.008253202753460531,,1.0,High Volatility,0.0,Low Volatility,0.0,0.7636069671806214,0.23639303281937685,0.0,Low Volatility,0.0
2023-05-08 00:00:00,4138.1201171875,0.0004521286642489297,,1.0,High Volatility,0.0,Low Volatility,0.0,0.7636069671806214,0.23639303281937685,0.0,Low Volatility,0.0
2023-05-09 00:00:00,4119.169921875,-0.004579421277258522,,1.0,High Volatility,1.0,High Volatility,0.0,0.7636069671806214,0.23639303281937685,0.0,Low Volatility,0.0
2023-11-03 00:00:00,4358.33984375,0.009393730253031363,,1.0,High Volatility,0.0,Low Volatility,0.0,0.7636069671806214,0.23639303281937685,0.0,Low Volatility,0.0
2023-11-06 00:00:00,4365.97998046875,0.0017529924220356374,,1.0,High Volatility,1.0,High Volatility,0.0,0.7636069671806214,0.23639303281937685,0.0,Low Volatility,0.0
2023-11-15 00:00:00,4502.8798828125,0.0015970120755575135,,1.0,High Volatility,0.0,Low Volatility,0.0,0.7636069671806214,0.23639303281937685,0.0,Low Volatility,0.0
2024-07-19 00:00:00,5505.0,-0.007140265531926926,,0.0,Low Volatility,0.0,Low Volatility,1.0,0.7636069671806214,0.23639303281937685,0.0,Low Volatility,0.0
2024-07-22 00:00:00,5564.41015625,0.01079203564940956,,0.0,Low Volatility,0.0,Low Volatility,1.0,0.7636069671806214,0.23639303281937685,0.0,Low Volatility,0.0
2024-07-23 00:00:00,5555.740234375,-0.001558102589770738,,0.0,Low Volatility,0.0,Low Volatility,1.0,0.7636069671806214,0.23639303281937685,0.0,Low Volatility,0.0
2024-07-24 00:00:00,5427.1298828125,-0.02314909375473495,,0.0,Low Volatility,0.0,Low Volatility,1.0,0.7636069671806214,0.23639303281937685,0.0,Low Volatility,0.0
2024-07-31 00:00:00,5522.2998046875,0.0157933986591674,,0.0,Low Volatility,1.0,High Volatility,1.0,0.7636069671806214,0.23639303281937685,0.0,Low Volatility,0.0
2024-08-16 00:00:00,5554.25,0.001989779357261412,,1.0,High Volatility,1.0,High Volatility,0.0,0.7636069671806214,0.23639303281937685,0.0,Low Volatility,0.0
2024-08-19 00:00:00,5608.25,0.009722284736913167,,1.0,High Volatility,1.0,High Volatility,0.0,0.7636069671806214,0.23639303281937685,0.0,Low Volatility,0.0
2024-08-20 00:00:00,5597.1201171875,-0.0019845553982971165,,1.0,High Volatility,1.0,High Volatility,0.0,0.7636069671806214,0.23639303281937685,0.0,Low Volatility,0.0
2024-09-03 00:00:00,5528.93017578125,-0.02115107439771169,,0.0,Low Volatility,0.0,Low Volatility,1.0,0.7636069671806214,0.23639303281937685,0.0,Low Volatility,0.0
2024-09-04 00:00:00,5520.06982421875,-0.0016025435809103872,,1.0,High Volatility,0.0,Low Volatility,0.0,0.7636069671806214,0.23639303281937685,0.0,Low Volatility,0.0
2024-09-05 00:00:00,5503.41015625,-0.003018017615584734,,1.0,High Volatility,1.0,High Volatility,0.0,0.7636069671806214,0.23639303281937685,0.0,Low Volatility,0.0
2024-09-09 00:00:00,5471.0498046875,0.0115800702824842,,1.0,High Volatility,0.0,Low Volatility,0.0,0.7636069671806214,0.23639303281937685,0.0,Low Volatility,0.0
2024-09-10 00:00:00,5495.52001953125,0.004472672652839682,,1.0,High Volatility,1.0,High Volatility,0.0,0.7636069671806214,0.23639303281937685,0.0,Low Volatility,0.0
2024-09-11 00:00:00,5554.1298828125,0.010665025888896507,,1.0,High Volatility,1.0,High Volatility,0.0,0.7636069671806214,0.23639303281937685,0.0,Low Volatility,0.0
2024-09-12 00:00:00,5595.759765625,0.007495302358939249,,1.0,High Volatility,1.0,High Volatility,0.0,0.7636069671806214,0.23639303281937685,0.0,Low Volatility,0.0
2024-09-13 00:00:00,5626.02001953125,0.005407711405364557,,1.0,High Volatility,1.0,High Volatility,0.0,0.7636069671806214,0.23639303281937685,0.0,Low Volatility,0.0
2024-10-31 00:00:00,5705.4501953125,-0.018614700871699585,,0.0,Low Volatility,0.0,Low Volatility,1.0,0.7636069671806214,0.23639303281937685,0.0,Low Volatility,0.0
2024-11-01 00:00:00,5728.7998046875,0.004092509543626166,,0.0,Low Volatility,0.0,Low Volatility,1.0,0.7636069671806214,0.23639303281937685,0.0,Low Volatility,0.0
2024-11-04 00:00:00,5712.68994140625,-0.002812083478299976,,0.0,Low Volatility,0.0,Low Volatility,1.0,0.7636069671806214,0.23639303281937685,0.0,Low Volatility,0.0
2024-11-05 00:00:00,5782.759765625,0.012265644545291332,,0.0,Low Volatility,0.0,Low Volatility,1.0,0.7636069671806214,0.23639303281937685,0.0,Low Volatility,0.0
2024-11-06 00:00:00,5929.0400390625,0.025295927786425976,,0.0,Low Volatility,0.0,Low Volatility,1.0,0.7636069671806214,0.23639303281937685,0.0,Low Volatility,0.0
2024-11-07 00:00:00,5973.10009765625,0.007431229727488331,,1.0,High Volatility,0.0,Low Volatility,0.0,0.7636069671806214,0.23639303281937685,0.0,Low Volatility,0.0
2024-11-08 00:00:00,5995.5400390625,0.0037568333092317108,,1.0,High Volatility,1.0,High Volatility,0.0,0.7636069671806214,0.23639303281937685,0.0,Low Volatility,0.0
2024-11-11 00:00:00,6001.35009765625,0.0009690634297987444,,1.0,High Volatility,1.0,High Volatility,0.0,0.7636069671806214,0.23639303281937685,0.0,Low Volatility,0.0
